{
  "epoch": 13,
  "branch_names": [
    "lidar",
    "radar",
    "camera"
  ],
  "source_name": "branch_real_weights",
  "sample_count": 18280,
  "branch_mean": [
    0.31766992807388306,
    0.3327615559101105,
    0.34956663846969604
  ],
  "branch_std": [
    0.0007117860950529575,
    0.0007768507348373532,
    0.0009134905994869769
  ],
  "dominance_ratio": [
    0.0,
    0.0,
    1.0
  ],
  "branch_quantiles": [
    {
      "p10": 0.31,
      "p50": 0.31,
      "p90": 0.31
    },
    {
      "p10": 0.33,
      "p50": 0.33,
      "p90": 0.33
    },
    {
      "p10": 0.35,
      "p50": 0.35,
      "p90": 0.35
    }
  ],
  "entropy_mean": 0.9993089437484741,
  "entropy_std": 0.0,
  "max_weight_mean": 0.34956663846969604,
  "condition_topk": [],
  "weather_breakdown": []
}