{
  "epoch": 14,
  "branch_names": [
    "lidar",
    "radar",
    "camera"
  ],
  "source_name": "branch_real_weights",
  "sample_count": 18280,
  "branch_mean": [
    0.3174488842487335,
    0.3335099518299103,
    0.34904220700263977
  ],
  "branch_std": [
    0.0,
    0.00038602022686973214,
    0.0
  ],
  "dominance_ratio": [
    0.0,
    0.0,
    1.0
  ],
  "branch_quantiles": [
    {
      "p10": 0.31,
      "p50": 0.31,
      "p90": 0.31
    },
    {
      "p10": 0.33,
      "p50": 0.33,
      "p90": 0.33
    },
    {
      "p10": 0.35,
      "p50": 0.35,
      "p90": 0.35
    }
  ],
  "entropy_mean": 0.9993062615394592,
  "entropy_std": 0.0,
  "max_weight_mean": 0.34904220700263977,
  "condition_topk": [],
  "weather_breakdown": []
}