{
  "epoch": 6,
  "branch_names": [
    "lidar",
    "radar",
    "camera"
  ],
  "source_name": "branch_real_weights",
  "sample_count": 18280,
  "branch_mean": [
    0.31808197498321533,
    0.32234668731689453,
    0.35957133769989014
  ],
  "branch_std": [
    0.00021143197955098003,
    0.0010176594369113445,
    0.0011121134739369154
  ],
  "dominance_ratio": [
    0.0,
    0.0,
    1.0
  ],
  "branch_quantiles": [
    {
      "p10": 0.31,
      "p50": 0.31,
      "p90": 0.31
    },
    {
      "p10": 0.33,
      "p50": 0.33,
      "p90": 0.33
    },
    {
      "p10": 0.35,
      "p50": 0.35,
      "p90": 0.37
    }
  ],
  "entropy_mean": 0.998586118221283,
  "entropy_std": 0.003342688261141512,
  "max_weight_mean": 0.35957133769989014,
  "condition_topk": [],
  "weather_breakdown": []
}