{
  "epoch": 1,
  "branch_names": [
    "lidar",
    "radar",
    "camera"
  ],
  "source_name": "branch_real_weights",
  "sample_count": 18280,
  "branch_mean": [
    0.3285634219646454,
    0.32692447304725647,
    0.34451234340667725
  ],
  "branch_std": [
    0.003989290911704302,
    0.0009134905994869769,
    0.004505866207182407
  ],
  "dominance_ratio": [
    0.07155361026525497,
    0.0,
    0.9284464120864868
  ],
  "branch_quantiles": [
    {
      "p10": 0.33,
      "p50": 0.33,
      "p90": 0.33
    },
    {
      "p10": 0.33,
      "p50": 0.33,
      "p90": 0.33
    },
    {
      "p10": 0.33,
      "p50": 0.35,
      "p90": 0.35
    }
  ],
  "entropy_mean": 0.9996964931488037,
  "entropy_std": 0.0,
  "max_weight_mean": 0.34467223286628723,
  "condition_topk": [],
  "weather_breakdown": []
}