{
  "epoch": 9,
  "branch_names": [
    "lidar",
    "radar",
    "camera"
  ],
  "source_name": "branch_real_weights",
  "sample_count": 18280,
  "branch_mean": [
    0.3157418370246887,
    0.3276328444480896,
    0.35662615299224854
  ],
  "branch_std": [
    0.0012418817495927215,
    0.0018633224535733461,
    0.0029700989834964275
  ],
  "dominance_ratio": [
    0.0,
    0.0,
    1.0
  ],
  "branch_quantiles": [
    {
      "p10": 0.31,
      "p50": 0.31,
      "p90": 0.31
    },
    {
      "p10": 0.33,
      "p50": 0.33,
      "p90": 0.33
    },
    {
      "p10": 0.35,
      "p50": 0.35,
      "p90": 0.37
    }
  ],
  "entropy_mean": 0.9987697005271912,
  "entropy_std": 0.004295802510237424,
  "max_weight_mean": 0.35662615299224854,
  "condition_topk": [],
  "weather_breakdown": []
}