{
  "epoch": 16,
  "branch_names": [
    "lidar",
    "radar",
    "camera"
  ],
  "source_name": "branch_real_weights",
  "sample_count": 18280,
  "branch_mean": [
    0.3169673681259155,
    0.33326736092567444,
    0.34976640343666077
  ],
  "branch_std": [
    0.0,
    0.0,
    0.0006103515625
  ],
  "dominance_ratio": [
    0.0,
    0.0,
    1.0
  ],
  "branch_quantiles": [
    {
      "p10": 0.31,
      "p50": 0.31,
      "p90": 0.31
    },
    {
      "p10": 0.33,
      "p50": 0.33,
      "p90": 0.33
    },
    {
      "p10": 0.35,
      "p50": 0.35,
      "p90": 0.35
    }
  ],
  "entropy_mean": 0.999252438545227,
  "entropy_std": 0.007519468170433463,
  "max_weight_mean": 0.34976640343666077,
  "condition_topk": [],
  "weather_breakdown": []
}