{
  "epoch": 4,
  "branch_names": [
    "lidar",
    "radar",
    "camera"
  ],
  "source_name": "branch_real_weights",
  "sample_count": 18280,
  "branch_mean": [
    0.31896913051605225,
    0.3228224813938141,
    0.3582095801830292
  ],
  "branch_std": [
    0.0,
    0.0,
    0.00032296768040396273
  ],
  "dominance_ratio": [
    0.0,
    0.0,
    1.0
  ],
  "branch_quantiles": [
    {
      "p10": 0.31,
      "p50": 0.31,
      "p90": 0.31
    },
    {
      "p10": 0.33,
      "p50": 0.33,
      "p90": 0.33
    },
    {
      "p10": 0.35,
      "p50": 0.35,
      "p90": 0.35
    }
  ],
  "entropy_mean": 0.9987264275550842,
  "entropy_std": 0.0053865388369621955,
  "max_weight_mean": 0.3582095801830292,
  "condition_topk": [],
  "weather_breakdown": []
}