{
  "epoch": 17,
  "branch_names": [
    "lidar",
    "radar",
    "camera"
  ],
  "source_name": "branch_real_weights",
  "sample_count": 18280,
  "branch_mean": [
    0.31616348028182983,
    0.33290958404541016,
    0.3509266972541809
  ],
  "branch_std": [
    0.0,
    0.0,
    0.0006224389071576297
  ],
  "dominance_ratio": [
    0.0,
    0.0,
    1.0
  ],
  "branch_quantiles": [
    {
      "p10": 0.31,
      "p50": 0.31,
      "p90": 0.31
    },
    {
      "p10": 0.33,
      "p50": 0.33,
      "p90": 0.33
    },
    {
      "p10": 0.35,
      "p50": 0.35,
      "p90": 0.35
    }
  ],
  "entropy_mean": 0.999187707901001,
  "entropy_std": 0.0,
  "max_weight_mean": 0.3509266972541809,
  "condition_topk": [],
  "weather_breakdown": []
}