{
  "epoch": 8,
  "branch_names": [
    "lidar",
    "radar",
    "camera"
  ],
  "source_name": "branch_real_weights",
  "sample_count": 18280,
  "branch_mean": [
    0.31623491644859314,
    0.3243093192577362,
    0.35945644974708557
  ],
  "branch_std": [
    0.0012508485233411193,
    0.00021143197955098003,
    0.0013593174517154694
  ],
  "dominance_ratio": [
    0.0,
    0.0,
    1.0
  ],
  "branch_quantiles": [
    {
      "p10": 0.31,
      "p50": 0.31,
      "p90": 0.31
    },
    {
      "p10": 0.33,
      "p50": 0.33,
      "p90": 0.33
    },
    {
      "p10": 0.35,
      "p50": 0.35,
      "p90": 0.37
    }
  ],
  "entropy_mean": 0.9985594153404236,
  "entropy_std": 0.004354900164677256,
  "max_weight_mean": 0.35945644974708557,
  "condition_topk": [],
  "weather_breakdown": []
}