{
  "epoch": 11,
  "branch_names": [
    "lidar",
    "radar",
    "camera"
  ],
  "source_name": "branch_real_weights",
  "sample_count": 18280,
  "branch_mean": [
    0.3178914785385132,
    0.33244556188583374,
    0.34966549277305603
  ],
  "branch_std": [
    0.0,
    0.0,
    0.0
  ],
  "dominance_ratio": [
    0.0,
    0.0,
    1.0
  ],
  "branch_quantiles": [
    {
      "p10": 0.31,
      "p50": 0.31,
      "p90": 0.31
    },
    {
      "p10": 0.33,
      "p50": 0.33,
      "p90": 0.33
    },
    {
      "p10": 0.35,
      "p50": 0.35,
      "p90": 0.35
    }
  ],
  "entropy_mean": 0.9992859959602356,
  "entropy_std": 0.005494232456906631,
  "max_weight_mean": 0.34966549277305603,
  "condition_topk": [],
  "weather_breakdown": []
}