{
  "epoch": 2,
  "branch_names": [
    "lidar",
    "radar",
    "camera"
  ],
  "source_name": "branch_real_weights",
  "sample_count": 18280,
  "branch_mean": [
    0.3212589621543884,
    0.3254384398460388,
    0.35330167412757874
  ],
  "branch_std": [
    0.0017002427484840155,
    0.001102018402889371,
    0.0024822631385177374
  ],
  "dominance_ratio": [
    0.0,
    0.0,
    1.0
  ],
  "branch_quantiles": [
    {
      "p10": 0.31,
      "p50": 0.33,
      "p90": 0.33
    },
    {
      "p10": 0.33,
      "p50": 0.33,
      "p90": 0.33
    },
    {
      "p10": 0.35,
      "p50": 0.35,
      "p90": 0.35
    }
  ],
  "entropy_mean": 0.9991868138313293,
  "entropy_std": 0.0,
  "max_weight_mean": 0.35330167412757874,
  "condition_topk": [],
  "weather_breakdown": []
}