{
  "epoch": 18,
  "branch_names": [
    "lidar",
    "radar",
    "camera"
  ],
  "source_name": "branch_real_weights",
  "sample_count": 18280,
  "branch_mean": [
    0.3156917989253998,
    0.332673579454422,
    0.35163673758506775
  ],
  "branch_std": [
    0.0008501213742420077,
    0.0,
    0.0
  ],
  "dominance_ratio": [
    0.0,
    0.0,
    1.0
  ],
  "branch_quantiles": [
    {
      "p10": 0.31,
      "p50": 0.31,
      "p90": 0.31
    },
    {
      "p10": 0.33,
      "p50": 0.33,
      "p90": 0.33
    },
    {
      "p10": 0.35,
      "p50": 0.35,
      "p90": 0.35
    }
  ],
  "entropy_mean": 0.9990791082382202,
  "entropy_std": 0.009883240165897358,
  "max_weight_mean": 0.35163673758506775,
  "condition_topk": [],
  "weather_breakdown": []
}