{
  "epoch": 15,
  "branch_names": [
    "lidar",
    "radar",
    "camera"
  ],
  "source_name": "branch_real_weights",
  "sample_count": 18280,
  "branch_mean": [
    0.31513991951942444,
    0.36972054839134216,
    0.31513991951942444
  ],
  "branch_std": [
    0.0,
    0.00021143197955098003,
    0.0
  ],
  "dominance_ratio": [
    0.0,
    1.0,
    0.0
  ],
  "branch_quantiles": [
    {
      "p10": 0.31,
      "p50": 0.31,
      "p90": 0.31
    },
    {
      "p10": 0.37,
      "p50": 0.37,
      "p90": 0.37
    },
    {
      "p10": 0.31,
      "p50": 0.31,
      "p90": 0.31
    }
  ],
  "entropy_mean": 0.9973422288894653,
  "entropy_std": 0.0,
  "max_weight_mean": 0.36972054839134216,
  "condition_topk": [],
  "weather_breakdown": []
}