{
  "epoch": 12,
  "branch_names": [
    "lidar",
    "radar",
    "camera"
  ],
  "source_name": "branch_real_weights",
  "sample_count": 18280,
  "branch_mean": [
    0.31606724858283997,
    0.3678632378578186,
    0.3160683810710907
  ],
  "branch_std": [
    0.0006224389071576297,
    0.0005459150415845215,
    0.0006042172317393124
  ],
  "dominance_ratio": [
    0.0,
    1.0,
    0.0
  ],
  "branch_quantiles": [
    {
      "p10": 0.31,
      "p50": 0.31,
      "p90": 0.31
    },
    {
      "p10": 0.37,
      "p50": 0.37,
      "p90": 0.37
    },
    {
      "p10": 0.31,
      "p50": 0.31,
      "p90": 0.31
    }
  ],
  "entropy_mean": 0.9975962042808533,
  "entropy_std": 0.002537857032925011,
  "max_weight_mean": 0.3678632378578186,
  "condition_topk": [],
  "weather_breakdown": []
}