{
  "epoch": 5,
  "branch_names": [
    "lidar",
    "radar",
    "camera"
  ],
  "source_name": "branch_real_weights",
  "sample_count": 18280,
  "branch_mean": [
    0.3177683353424072,
    0.3380333185195923,
    0.3441968560218811
  ],
  "branch_std": [
    0.0007065330282784998,
    0.0019645357970148325,
    0.0015892598312348127
  ],
  "dominance_ratio": [
    0.0,
    0.000875273544806987,
    0.9991247653961182
  ],
  "branch_quantiles": [
    {
      "p10": 0.31,
      "p50": 0.31,
      "p90": 0.31
    },
    {
      "p10": 0.33,
      "p50": 0.33,
      "p90": 0.35
    },
    {
      "p10": 0.35,
      "p50": 0.35,
      "p90": 0.35
    }
  ],
  "entropy_mean": 0.9994795918464661,
  "entropy_std": 0.002270065644049957,
  "max_weight_mean": 0.3441969156265259,
  "condition_topk": [],
  "weather_breakdown": []
}