{
  "epoch": 0,
  "branch_names": [
    "lidar",
    "radar",
    "camera"
  ],
  "source_name": "branch_real_weights",
  "sample_count": 18280,
  "branch_mean": [
    0.4287266135215759,
    0.3025376498699188,
    0.26873522996902466
  ],
  "branch_std": [
    0.11325132101774216,
    0.05354560911655426,
    0.08005300164222717
  ],
  "dominance_ratio": [
    0.9509299993515015,
    5.470459655043669e-05,
    0.04901531711220741
  ],
  "branch_quantiles": [
    {
      "p10": 0.33,
      "p50": 0.35,
      "p90": 0.61
    },
    {
      "p10": 0.21,
      "p50": 0.33,
      "p90": 0.35
    },
    {
      "p10": 0.13,
      "p50": 0.31,
      "p90": 0.33
    }
  ],
  "entropy_mean": 0.9514499306678772,
  "entropy_std": 0.06866876366266976,
  "max_weight_mean": 0.4289228618144989,
  "condition_topk": [],
  "weather_breakdown": []
}