{
  "epoch": 6,
  "branch_names": [
    "lidar",
    "radar",
    "camera"
  ],
  "source_name": "branch_real_weights",
  "sample_count": 18280,
  "branch_mean": [
    0.31777194142341614,
    0.34236449003219604,
    0.33986321091651917
  ],
  "branch_std": [
    0.0005459150415845215,
    0.0009455526014789939,
    0.001081545720808208
  ],
  "dominance_ratio": [
    0.0,
    0.8768052458763123,
    0.12319475412368774
  ],
  "branch_quantiles": [
    {
      "p10": 0.31,
      "p50": 0.31,
      "p90": 0.31
    },
    {
      "p10": 0.35,
      "p50": 0.35,
      "p90": 0.35
    },
    {
      "p10": 0.33,
      "p50": 0.33,
      "p90": 0.35
    }
  ],
  "entropy_mean": 0.9995003342628479,
  "entropy_std": 0.0,
  "max_weight_mean": 0.34241870045661926,
  "condition_topk": [],
  "weather_breakdown": []
}