{
  "epoch": 14,
  "branch_names": [
    "lidar",
    "radar",
    "camera"
  ],
  "source_name": "branch_real_weights",
  "sample_count": 18280,
  "branch_mean": [
    0.31585657596588135,
    0.36828693747520447,
    0.31585657596588135
  ],
  "branch_std": [
    0.0004958519712090492,
    0.0005033087800256908,
    0.0005179004510864615
  ],
  "dominance_ratio": [
    0.0,
    1.0,
    0.0
  ],
  "branch_quantiles": [
    {
      "p10": 0.31,
      "p50": 0.31,
      "p90": 0.31
    },
    {
      "p10": 0.37,
      "p50": 0.37,
      "p90": 0.37
    },
    {
      "p10": 0.31,
      "p50": 0.31,
      "p90": 0.31
    }
  ],
  "entropy_mean": 0.997550368309021,
  "entropy_std": 0.0,
  "max_weight_mean": 0.36828693747520447,
  "condition_topk": [],
  "weather_breakdown": []
}