{
  "epoch": 19,
  "branch_names": [
    "lidar",
    "radar",
    "camera"
  ],
  "source_name": "branch_real_weights",
  "sample_count": 18280,
  "branch_mean": [
    0.31483885645866394,
    0.37032148241996765,
    0.31483885645866394
  ],
  "branch_std": [
    0.00021143197955098003,
    0.0006686066626571119,
    0.00021143197955098003
  ],
  "dominance_ratio": [
    0.0,
    1.0,
    0.0
  ],
  "branch_quantiles": [
    {
      "p10": 0.31,
      "p50": 0.31,
      "p90": 0.31
    },
    {
      "p10": 0.37,
      "p50": 0.37,
      "p90": 0.37
    },
    {
      "p10": 0.31,
      "p50": 0.31,
      "p90": 0.31
    }
  ],
  "entropy_mean": 0.9972389340400696,
  "entropy_std": 0.003960041776558834,
  "max_weight_mean": 0.37032148241996765,
  "condition_topk": [],
  "weather_breakdown": []
}