{
  "epoch": 16,
  "branch_names": [
    "lidar",
    "radar",
    "camera"
  ],
  "source_name": "branch_real_weights",
  "sample_count": 18280,
  "branch_mean": [
    0.3150162100791931,
    0.36996763944625854,
    0.3150162100791931
  ],
  "branch_std": [
    0.0,
    0.0001726334885461256,
    0.0
  ],
  "dominance_ratio": [
    0.0,
    1.0,
    0.0
  ],
  "branch_quantiles": [
    {
      "p10": 0.31,
      "p50": 0.31,
      "p90": 0.31
    },
    {
      "p10": 0.37,
      "p50": 0.37,
      "p90": 0.37
    },
    {
      "p10": 0.31,
      "p50": 0.31,
      "p90": 0.31
    }
  ],
  "entropy_mean": 0.997289776802063,
  "entropy_std": 0.00571917926860372,
  "max_weight_mean": 0.36996763944625854,
  "condition_topk": [],
  "weather_breakdown": []
}