{
  "epoch": 8,
  "branch_names": [
    "lidar",
    "radar",
    "camera"
  ],
  "source_name": "branch_real_weights",
  "sample_count": 18280,
  "branch_mean": [
    0.315700501203537,
    0.34315237402915955,
    0.341146856546402
  ],
  "branch_std": [
    0.0017541635315865278,
    0.0014673846308141947,
    0.002923322841525078
  ],
  "dominance_ratio": [
    0.0,
    0.6385120749473572,
    0.3614879846572876
  ],
  "branch_quantiles": [
    {
      "p10": 0.31,
      "p50": 0.31,
      "p90": 0.31
    },
    {
      "p10": 0.35,
      "p50": 0.35,
      "p90": 0.35
    },
    {
      "p10": 0.33,
      "p50": 0.35,
      "p90": 0.35
    }
  ],
  "entropy_mean": 0.9993402361869812,
  "entropy_std": 0.0,
  "max_weight_mean": 0.34408703446388245,
  "condition_topk": [],
  "weather_breakdown": []
}